<?xml version="1.0" encoding="UTF-8" standalone="yes"?>
<addon id="repository.master-desing" name="repository.master-desing" version="2.0" provider-name="master desing">
	<extension point="xbmc.addon.repository" name="Galaxy G repository">
		<info compressed="false">https://raw.github.com/galaxyg/galaxygrepository/master/addons.xml</info>
		<checksum>https://raw.github.com/galaxyg/galaxygrepository/master/addons.xml.md5</checksum>
		<datadir zip="true">https://raw.github.com/galaxyg/galaxygrepository/master</datadir>
	</extension>
	<extension point="xbmc.addon.metadata">
		<summary>Galaxy G</summary>
   		<description lang="en">Galaxy G.</description>
		<disclaimer></disclaimer>
		<platform>all</platform>
	</extension>
</addon>

