<?xml version="1.0" encoding="UTF-8" standalone="yes"?>
<addon id="repository.master-desing" name="Kodi-Mexico official Repo" version="1.7.0" provider-name="KodiMexico">
	<extension point="xbmc.addon.repository" name="Master desing">
		<info compressed="false">https://raw.github.com/galaxyg/galaxygrepository/master/addons.xml</info>
		<checksum>https://raw.github.com/galaxyg/galaxygrepository/master/addons.xml.md5</checksum>
		<datadir zip="true">https://raw.github.com/galaxyg/galaxygrepository/master</datadir>
	</extension>
	<extension point="xbmc.addon.metadata">
		<summary>Kodi-Mexico official Repo</summary>
   		<description lang="en">Instala los Addons de Galaxy G.</description>
		<disclaimer></disclaimer>
		<platform>all</platform>
	</extension>
</addon>