<?xml version="1.0" encoding="UTF-8" standalone="yes"?>
<addon id="repository.master-desing" name="MASTER DESING" version="1.9.0" provider-name="ALBERT">
	<extension point="xbmc.addon.repository" name="Master desing">
		<info compressed="false">https://raw.github.com/galaxyg/galaxygrepository/master/addons.xml</info>
		<checksum>https://raw.github.com/galaxyg/galaxygrepository/master/addons.xml.md5</checksum>
		<datadir zip="true">https://raw.github.com/galaxyg/galaxygrepository/master</datadir>
	</extension>
	<extension point="xbmc.addon.metadata">
		<summary>MASTER DESING</summary>
   		<description lang="en">IPTV-ON DEMAND</description>
		<disclaimer></disclaimer>
		<platform>all</platform>
	</extension>
</addon>