<?xml version="1.0" encoding="UTF-8" standalone="yes"?>
<addon id="plugin.video.galaxyg.filmes" name="GALAXY G FILMES" version="14.0" provider-name="GALAXY G">
  <requires>
    <import addon="xbmc.python" version="2.1.0"/>
  </requires>
  <extension point="xbmc.python.pluginsource" library="addon.py">
    <provides>video</provides>
  </extension>
  <extension point="xbmc.addon.metadata">
    <language>en</language>
    <platform>all</platform>
    <summary lang="en">FILMES</summary>
    <description lang="en">GALAXY G</description>
    <platform>all</platform>
  </extension>
</addon>